,precision,recall,f1-score,support
class 0,0.9937106918238994,0.9937106918238994,0.9937106918238994,159.0
class 1,0.9908256880733946,0.9908256880733946,0.9908256880733946,109.0
accuracy,0.9925373134328358,0.9925373134328358,0.9925373134328358,0.9925373134328358
macro avg,0.992268189948647,0.992268189948647,0.992268189948647,268.0
weighted avg,0.9925373134328358,0.9925373134328358,0.9925373134328358,268.0
